ipc_section,ipc_title,ipc_page,bns_section,bns_page,similarity,alternatives,relation,verified,verified_by,notes
1,"The Indian Penal Code has been extended to Berar by the Berar Laws Act, 1941 (4 of 1941) a",14,358,102,0.5408,BNS 1@0.507,one_to_one_candidate,false,,
2,Punishment of offences committed within India,14,13,10,0.6942,BNS 249@0.680,one_to_one_candidate,false,,
3,"Punishment of offences committed beyond, but which by law may be tried within, India",14,249,68,0.6968,BNS 253@0.692,one_to_one_candidate,false,,
5,"Section 5. Subs. by the A. O. 1950, for “of Her Majesty or in the Imperial Service Troops”",117,161,49,0.5135,BNS 170@0.500;BNS 167@0.490,one_to_one_candidate,false,,
6,Definitions in the Code to be understood subject to exceptions,15,3,6,0.8643,BNS 21@0.683;BNS 27@0.670;BNS 36@0.664,one_to_one_candidate,false,,
7,"Section 7. The original words “of the Queen while serving under the Government of India, o",16,358,102,0.4979,,one_to_one_candidate,false,,
8,"Section 8. Subs. by the A.O. 1950, for “the Provincial Government of the Province within w",21,8,8,0.5521,BNS 5@0.522,one_to_one_candidate,false,,
9,Number,15,9,9,0.4336,BNS 2@0.415;BNS 57@0.409,one_to_one_candidate,false,,
10,“Man”.“Woman”,15,63,23,0.384,BNS 99@0.377;BNS 2@0.362,one_to_one_candidate,false,,
11,Section 11. The words “Her Majesty or” omitted by the A.O. 1950. The words “or the Crown R,36,358,102,0.3826,,one_to_one_candidate,false,,
13,[Definition of “Queen”.] Omitted by the A. O. 1950. 8[14. “Servant of Government”,15,205,58,0.4878,,one_to_one_candidate,false,,
19,“Judge”,16,15,11,0.6298,,one_to_one_candidate,false,,
20,“Court of Justice”,16,15,11,0.5541,BNS 16@0.510,one_to_one_candidate,false,,
21,“Public servant”,16,205,58,0.6533,BNS 197@0.623,one_to_one_candidate,false,,
22,“Movable property”,18,303,78,0.4897,BNS 302@0.472;BNS 345@0.472;BNS 41@0.463,one_to_one_candidate,false,,
23,“Wrongful gain”,18,244,67,0.5389,BNS 314@0.511;BNS 127@0.498,one_to_one_candidate,false,,
24,“Dishonestly”,18,318,86,0.6154,BNS 315@0.597;BNS 246@0.593;BNS 322@0.591,one_to_one_candidate,false,,
25,“Fraudulently”,18,246,68,0.6228,BNS 318@0.615;BNS 245@0.612;BNS 244@0.609,one_to_one_candidate,false,,
26,“Reason to believe”,18,17,11,0.4447,BNS 26@0.416,one_to_one_candidate,false,,
27,"“Property in possession of wife, clerk or servant”",18,306,80,0.5738,BNS 315@0.559;BNS 67@0.508,one_to_one_candidate,false,,
28,“Counterfeit”,18,342,96,0.6573,BNS 347@0.641;BNS 349@0.624,one_to_one_candidate,false,,
29,“Document”,18,2,2,0.6784,BNS 337@0.611;BNS 335@0.609,one_to_one_candidate,false,,
30,“Valuable security”,19,338,95,0.608,BNS 2@0.498,one_to_one_candidate,false,,
32,Words referring to acts include illegal omissions,19,29,13,0.5218,,one_to_one_candidate,false,,
33,“Act”. “Omission”,19,52,19,0.5625,BNS 19@0.553,one_to_one_candidate,false,,
35,When such an act is criminal by reason of its being done with a criminal knowledge or inte,19,50,19,0.6756,BNS 61@0.664;BNS 190@0.635,one_to_one_candidate,false,,
36,Effect caused partly by act and partly by omission,19,53,20,0.6495,BNS 110@0.629;BNS 100@0.608,one_to_one_candidate,false,,
37,Co-operation by doing one of several acts constituting an offence,19,51,19,0.6772,,one_to_one_candidate,false,,
38,Persons concerned in criminal act may be guilty of different offences,19,110,35,0.7397,BNS 101@0.710,one_to_one_candidate,false,,
39,“Voluntarily”,20,117,38,0.6972,BNS 115@0.680;BNS 354@0.679,one_to_one_candidate,false,,
42,“Local law”,20,3,6,0.4853,BNS 9@0.480,one_to_one_candidate,false,,
43,“Illegal”. “Legally bound to do”,20,208,59,0.5234,BNS 354@0.514;BNS 223@0.506;BNS 14@0.503,one_to_one_candidate,false,,
44,“Injury”,20,116,38,0.6126,BNS 117@0.597;BNS 33@0.579;BNS 124@0.577,one_to_one_candidate,false,,
45,“Life”,20,2,2,0.4377,BNS 71@0.432,one_to_one_candidate,false,,
46,“Death”,20,39,16,0.4741,BNS 2@0.473;BNS 38@0.468;BNS 102@0.459,one_to_one_candidate,false,,
48,“Vessel”,20,284,75,0.5126,BNS 282@0.452;BNS 328@0.434,one_to_one_candidate,false,,
49,“Year”. “Month”,20,11,10,0.363,BNS 2@0.349;BNS 1@0.349,one_to_one_candidate,false,,
50,“Section”,20,57,21,0.4589,BNS 9@0.438;BNS 2@0.411,one_to_one_candidate,false,,
51,“Oath”,20,216,61,0.6283,BNS 213@0.590;BNS 227@0.546;BNS 217@0.514,one_to_one_candidate,false,,
52,“Good faith”,20,31,14,0.5287,BNS 15@0.523;BNS 18@0.523,one_to_one_candidate,false,,
53,Punishments,21,4,8,0.6727,BNS 13@0.666;BNS 8@0.663;BNS 332@0.661,one_to_one_candidate,false,,
54,Commutation of sentence of death,21,5,8,0.7526,BNS 71@0.590;BNS 266@0.582;BNS 4@0.577,one_to_one_candidate,false,,
55,Commutation of sentence of imprisonment for life,21,5,8,0.6899,BNS 7@0.617;BNS 71@0.615,one_to_one_candidate,false,,
56,Section 56. [Sentence of Europeans and Americans to penal servitude. Proviso as to sentenc,22,145,47,0.5411,BNS 13@0.528;BNS 8@0.506;BNS 146@0.506,one_to_one_candidate,false,,
57,Fractions of terms of punishment,22,7,8,0.6332,BNS 11@0.617,one_to_one_candidate,false,,
60,Sentence may be (in certain cases of imprisonment) wholly or partly rigorous or simple,22,7,8,0.8706,BNS 11@0.671;BNS 8@0.627,one_to_one_candidate,false,,
63,Amount of fine,22,8,8,0.7505,BNS 250@0.576;BNS 251@0.572,one_to_one_candidate,false,,
64,Sentence of imprisonment for non-payment of fine,22,8,8,0.8074,BNS 7@0.699,one_to_one_candidate,false,,
65,"Limit to imprisonment for non-payment of fine, when imprisonment and fine awardable",22,8,8,0.7161,BNS 11@0.606,one_to_one_candidate,false,,
66,Description of imprisonment for non-payment of fine,22,8,8,0.7125,,one_to_one_candidate,false,,
67,"Imprisonment for non-payment of fine, when offence punishable with fine only",23,8,8,0.7807,BNS 11@0.680,one_to_one_candidate,false,,
68,Imprisonment to terminate on payment of fine,23,8,8,0.683,BNS 269@0.600,one_to_one_candidate,false,,
69,Termination of imprisonment on payment of proportional part of fine,23,8,8,0.6994,BNS 11@0.614,one_to_one_candidate,false,,
70,"Fine leviable within six years, or during imprisonment. Death not to discharge property fr",23,8,8,0.6624,BNS 250@0.647,one_to_one_candidate,false,,
71,Limit of punishment of offence made up of several offences,23,9,9,0.8401,BNS 10@0.673,one_to_one_candidate,false,,
72,"Punishment of person guilty of one of several offences, the judgment stating that it is do",23,10,10,0.9105,BNS 9@0.655;BNS 7@0.620,one_to_one_candidate,false,,
73,Solitary confinement,24,11,10,0.8715,BNS 12@0.780;BNS 7@0.692,one_to_one_candidate,false,,
74,Limit of solitary confinement,24,13,10,0.8122,BNS 11@0.799;BNS 12@0.760;BNS 8@0.714,one_to_one_candidate,false,,
76,"Act done by a person bound, or by mistake of fact believing himself bound, by law",24,14,10,0.8036,BNS 17@0.772;BNS 19@0.663,one_to_one_candidate,false,,
77,Act of Judge when acting judicially,24,15,11,0.8526,BNS 19@0.679;BNS 16@0.668;BNS 17@0.635,one_to_one_candidate,false,,
78,Act done pursuant to the judgment or order of Court,24,16,11,0.8858,BNS 15@0.691;BNS 19@0.679;BNS 17@0.633,one_to_one_candidate,false,,
79,"Act done by a person justified, or by mistake of fact believing himself justified, by law",24,17,11,0.8151,BNS 14@0.698;BNS 19@0.694;BNS 22@0.647,one_to_one_candidate,false,,
80,Accident in doing a lawful act,25,18,11,0.8993,BNS 19@0.723;BNS 17@0.659;BNS 26@0.653,one_to_one_candidate,false,,
81,"Act likely to cause harm, but done without criminal intent, and to prevent other harm",25,19,11,0.8501,BNS 26@0.743;BNS 18@0.728;BNS 30@0.727,one_to_one_candidate,false,,
82,Act of a child under seven years of age,25,21,12,0.8057,BNS 27@0.741;BNS 3@0.667;BNS 22@0.641,one_to_one_candidate,false,,
83,Act of a child above seven and under twelve of immature understanding,25,21,12,0.8504,BNS 27@0.740;BNS 22@0.674;BNS 3@0.649,one_to_one_candidate,false,,
84,Act of a person of unsound mind,25,22,12,0.8452,BNS 23@0.705;BNS 36@0.637;BNS 14@0.620,one_to_one_candidate,false,,
85,Act of a person incapable of judgment by reason of intoxication caused against his will,25,23,12,0.8503,BNS 24@0.807;BNS 22@0.709;BNS 19@0.624,one_to_one_candidate,false,,
86,Offence requiring a particular intent or knowledge committed by one who is intoxicated,25,24,12,0.8766,BNS 23@0.788;BNS 355@0.631;BNS 22@0.613,one_to_one_candidate,false,,
87,"Act not intended and not known to be likely to cause death or grievous hurt, done by conse",25,25,12,0.8045,BNS 26@0.765;BNS 30@0.737;BNS 33@0.692,one_to_one_candidate,false,,
88,"Act not intended to cause death, done by consent in good faith for person's benefit",26,26,12,0.9086,BNS 30@0.824;BNS 25@0.803;BNS 31@0.767,one_to_one_candidate,false,,
89,"Act done in good faith for benefit of child or insane person, by or by consent of guardian",26,30,13,0.8004,BNS 27@0.797;BNS 26@0.729,one_to_one_candidate,false,,
90,Consent known to be given under fear or misconception,26,28,13,0.8164,BNS 30@0.667;BNS 27@0.631;BNS 29@0.625,one_to_one_candidate,false,,
91,Exclusion of acts which are offences independently of harm cause,26,29,13,0.9031,BNS 30@0.764;BNS 25@0.702;BNS 90@0.701,one_to_one_candidate,false,,
92,Act done in good faith for benefit of a person without consent,27,30,13,0.8438,BNS 26@0.813;BNS 25@0.746,one_to_one_candidate,false,,
93,Communication made in good faith,27,31,14,0.944,BNS 26@0.720;BNS 30@0.678,one_to_one_candidate,false,,
94,Act to which a person is compelled by threats,27,32,14,0.9328,BNS 308@0.682;BNS 310@0.668,one_to_one_candidate,false,,
95,Act causing slight harm,27,33,14,0.9023,BNS 25@0.723;BNS 37@0.698;BNS 26@0.692,one_to_one_candidate,false,,
96,Things done in private defence,27,33,14,0.7236,BNS 37@0.697;BNS 35@0.685;BNS 36@0.673,one_to_one_candidate,false,,
97,Right of private defence of the body and of property,28,35,14,0.7943,BNS 41@0.766;BNS 40@0.761;BNS 38@0.731,one_to_one_candidate,false,,
98,"Right of private defence against the act of a person of unsound mind, etc",28,36,15,0.9167,BNS 38@0.697;BNS 17@0.670;BNS 37@0.667,one_to_one_candidate,false,,
99,Acts against which there is no right of private defence,28,37,15,0.9456,BNS 38@0.705;BNS 33@0.690;BNS 44@0.689,one_to_one_candidate,false,,
100,When the right of private defence of the body extends to causing death,28,38,15,0.8693,BNS 39@0.795;BNS 44@0.765;BNS 41@0.746,one_to_one_candidate,false,,
101,When such right extends to causing any harm other than death,29,39,16,0.8449,BNS 38@0.811;BNS 42@0.792;BNS 44@0.766,one_to_one_candidate,false,,
102,Commencement and continuance of the right of private defence of the body,29,40,16,0.9258,BNS 43@0.759;BNS 44@0.720;BNS 38@0.709,one_to_one_candidate,false,,
103,When the right of private defence of property extends to causing death,29,41,16,0.8025,BNS 38@0.746;BNS 44@0.731;BNS 42@0.691,one_to_one_candidate,false,,
104,When such right extends to causing any harm other than death,29,42,16,0.8556,BNS 41@0.791;BNS 39@0.779;BNS 38@0.756,one_to_one_candidate,false,,
105,Commencement and continuance of the right of private defence of property,29,43,16,0.87,BNS 40@0.772;BNS 41@0.707;BNS 44@0.671,one_to_one_candidate,false,,
106,Right of private defence against deadly assault when there is risk of harm to innocent per,30,44,16,0.7337,BNS 38@0.722;BNS 37@0.701,one_to_one_candidate,false,,
107,Abetment of a thing,30,45,17,0.9343,BNS 46@0.816;BNS 51@0.795,one_to_one_candidate,false,,
108,Abettor,30,46,17,0.8926,BNS 51@0.796;BNS 45@0.791;BNS 53@0.777,one_to_one_candidate,false,,
109,Punishment of abetment if the act abetted is committed in consequence and where no express,31,49,19,0.8536,BNS 51@0.784;BNS 46@0.776;BNS 56@0.772,one_to_one_candidate,false,,
110,Punishment of abetment if person abetted does act with different intention from that of ab,32,50,19,0.901,BNS 52@0.765;BNS 53@0.760;BNS 51@0.756,one_to_one_candidate,false,,
111,Liability of abettor when one act abetted and different act done,32,51,19,0.9493,BNS 53@0.859;BNS 52@0.765,one_to_one_candidate,false,,
112,Abettor when liable to cumulative punishment for act abetted and for act done,32,52,19,0.8109,BNS 53@0.789;BNS 51@0.781;BNS 56@0.742,one_to_one_candidate,false,,
113,Liability of abettor for an effect caused by the act abetted different from that intended ,32,53,20,0.9368,BNS 51@0.828;BNS 52@0.741;BNS 55@0.730,one_to_one_candidate,false,,
114,Abettor present when offence is committed,32,54,20,0.9153,BNS 50@0.727;BNS 46@0.724;BNS 56@0.724,one_to_one_candidate,false,,
115,Abetment of offence punishable with death or imprisonment for life,33,55,20,0.9321,BNS 56@0.835;BNS 53@0.813;BNS 51@0.798,one_to_one_candidate,false,,
116,Abetment of offence punishable with imprisonment,33,56,20,0.8715,BNS 46@0.836;BNS 55@0.815;BNS 49@0.798,one_to_one_candidate,false,,
117,Abetting commission of offence by the public or by more than ten persons,33,57,21,0.936,BNS 50@0.688;BNS 56@0.682;BNS 55@0.680,one_to_one_candidate,false,,
118,Concealing design to commit offence punishable with death or imprisonment for life,33,58,21,0.8146,BNS 59@0.771;BNS 60@0.771;BNS 150@0.704,one_to_one_candidate,false,,
119,Public servant concealing design to commit offence which it is his duty to prevent,34,59,21,0.8741,BNS 58@0.849;BNS 60@0.796,one_to_one_candidate,false,,
120,Concealing design to commit offence punishable with imprisonment,34,60,22,0.8907,BNS 58@0.807;BNS 59@0.797;BNS 150@0.723,one_to_one_candidate,false,,
121,Waging or attempting to wage war or abetting waging of war against the Government of India,35,147,48,0.7942,BNS 153@0.762;BNS 148@0.740;BNS 150@0.727,one_to_one_candidate,false,,
122,"Collecting arms, etc., with intention of waging war against the Government of India",35,149,48,0.9203,BNS 150@0.768;BNS 147@0.755;BNS 153@0.753,one_to_one_candidate,false,,
123,Concealing with intent to facilitate design to wage war,36,150,48,0.9047,BNS 149@0.723;BNS 153@0.698;BNS 60@0.694,one_to_one_candidate,false,,
124,"Assaulting President, Governor, etc., with intent to compel or restrain the exercise of an",36,151,48,0.7902,BNS 152@0.774;BNS 195@0.713;BNS 153@0.712,one_to_one_candidate,false,,
125,Waging war against any Asiatic Power in alliance with the Government of India,36,149,48,0.7617,BNS 147@0.761;BNS 153@0.753;BNS 150@0.727,one_to_one_candidate,false,,
126,Committing depredation on territories of Power at peace with the Government of India,37,154,49,0.8799,BNS 161@0.677;BNS 153@0.669;BNS 149@0.661,one_to_one_candidate,false,,
127,Receiving property taken by war or depredation mentioned in sections 125 and 126,37,155,49,0.8335,BNS 244@0.706;BNS 317@0.688;BNS 243@0.682,one_to_one_candidate,false,,
128,Public servant voluntarily allowing prisoner of State or war to escape,37,156,49,0.8926,BNS 157@0.839;BNS 158@0.757;BNS 261@0.744,one_to_one_candidate,false,,
129,Public servant negligently suffering such prisoner to escape,37,157,49,0.9094,BNS 156@0.851;BNS 261@0.796;BNS 264@0.747,one_to_one_candidate,false,,
130,"Aiding escape of, rescuing or harbouring such prisoner",37,158,49,0.949,BNS 156@0.820;BNS 157@0.773;BNS 253@0.745,one_to_one_candidate,false,,
131,"Abetting mutiny, or attempting to seduce a soldier, sailor or airman from his duty",37,159,49,0.9314,BNS 160@0.863;BNS 166@0.821;BNS 161@0.806,one_to_one_candidate,false,,
132,"Abetment of mutiny, if mutiny is committed in consequence thereof",38,160,49,0.9394,BNS 159@0.883;BNS 166@0.815;BNS 163@0.779,one_to_one_candidate,false,,
133,"Abetment of assault by soldier, sailor or airman on his superior officer, when in executio",38,162,50,0.926,BNS 166@0.823;BNS 161@0.814;BNS 159@0.777,one_to_one_candidate,false,,
134,"Abetment of such assault, if the assault is committed",38,162,50,0.939,BNS 161@0.801;BNS 166@0.792;BNS 159@0.748,one_to_one_candidate,false,,
135,"Abetment of desertion of soldier, sailor or airman",38,163,50,0.9378,BNS 164@0.834;BNS 166@0.827;BNS 159@0.818,one_to_one_candidate,false,,
136,Harbouring deserter,38,164,50,0.9409,BNS 163@0.817;BNS 165@0.759;BNS 159@0.751,one_to_one_candidate,false,,
137,Deserter concealed on board merchant vessel through negligence of master,38,165,50,0.9414,BNS 164@0.785;BNS 163@0.716;BNS 159@0.661,one_to_one_candidate,false,,
138,"Abetment of act of insubordination by soldier, sailor or airman",38,166,50,0.9565,BNS 159@0.819;BNS 162@0.813;BNS 160@0.813,one_to_one_candidate,false,,
139,Persons subject to certain Acts,39,167,50,0.8191,BNS 161@0.646;BNS 13@0.631,one_to_one_candidate,false,,
140,"Wearing garb or carrying token used by soldier, sailor or airman",39,168,50,0.8574,BNS 188@0.758;BNS 205@0.747;BNS 197@0.734,one_to_one_candidate,false,,
141,Unlawful assembly,39,189,54,0.8203,BNS 190@0.716;BNS 195@0.652,one_to_one_candidate,false,,
142,Being member of unlawful assembly,39,190,55,0.7177,BNS 189@0.695;BNS 191@0.590,one_to_one_candidate,false,,
143,Punishment,39,189,54,0.7258,BNS 191@0.718;BNS 195@0.709,one_to_one_candidate,false,,
144,Joining unlawful assembly armed with deadly weapon,39,191,55,0.7515,BNS 189@0.666;BNS 190@0.657,one_to_one_candidate,false,,
145,"Joining or continuing in unlawful assembly, knowing it has been commanded to disperse",40,189,54,0.7405,BNS 195@0.703;BNS 190@0.677,one_to_one_candidate,false,,
146,Rioting,40,191,55,0.8387,BNS 192@0.775;BNS 190@0.742;BNS 193@0.687,one_to_one_candidate,false,,
147,Punishment for rioting,40,191,55,0.8238,BNS 192@0.767;BNS 195@0.707;BNS 193@0.685,one_to_one_candidate,false,,
148,"Rioting, armed with deadly weapon",40,191,55,0.8772,BNS 192@0.725;BNS 311@0.696,one_to_one_candidate,false,,
149,Every member of unlawful assembly guilty of offence committed in prosecution of common obj,40,190,55,0.9272,BNS 189@0.736;BNS 191@0.690,one_to_one_candidate,false,,
150,"Hiring, or conniving at hiring, of persons to join unlawful assembly",40,190,55,0.711,BNS 189@0.688;BNS 57@0.662,one_to_one_candidate,false,,
151,Knowingly joining or continuing in assembly of five or more persons after it has been comm,40,189,54,0.766,BNS 195@0.740;BNS 57@0.722,one_to_one_candidate,false,,
152,"Assaulting or obstructing public servant when suppressing riot, etc",40,195,56,0.9115,BNS 132@0.798;BNS 191@0.750;BNS 224@0.745,one_to_one_candidate,false,,
153,Wantonly giving provocation with intent to cause riot,40,192,55,0.8337,BNS 196@0.801;BNS 352@0.701,one_to_one_candidate,false,,
154,Owner or occupier of land on which an unlawful assembly is held,41,193,56,0.8759,BNS 195@0.716;BNS 189@0.700,one_to_one_candidate,false,,
155,Liability of person for whose benefit riot is committed,42,193,56,0.8884,BNS 192@0.735;BNS 191@0.722;BNS 195@0.694,one_to_one_candidate,false,,
156,Liability of agent of owner or occupier for whose benefit riot is committed,42,193,56,0.8815,BNS 192@0.700;BNS 191@0.683;BNS 195@0.665,one_to_one_candidate,false,,
157,Harbouring persons hired for an unlawful assembly,42,189,54,0.6871,BNS 57@0.686;BNS 195@0.665,one_to_one_candidate,false,,
158,Being hired to take part in an unlawful assembly or riot,42,191,55,0.7901,BNS 195@0.740;BNS 192@0.700,one_to_one_candidate,false,,
159,Affray,42,194,56,0.8245,BNS 196@0.592;BNS 57@0.561;BNS 195@0.551,one_to_one_candidate,false,,
160,Punishment for committing affray,42,194,56,0.7099,BNS 135@0.643;BNS 195@0.635;BNS 125@0.633,one_to_one_candidate,false,,
161,Section 161. [Public servant taking gratification other than legal remuneration in respect,43,170,50,0.632,BNS 205@0.624,one_to_one_candidate,false,,
166,"Public servant disobeying law, with intent to cause injury to any person",44,198,57,0.7687,BNS 255@0.747;BNS 199@0.739;BNS 223@0.725,one_to_one_candidate,false,,
167,Public servant framing an incorrect document with intent to cause injury,44,201,58,0.8522,BNS 256@0.767;BNS 335@0.648;BNS 336@0.631,one_to_one_candidate,false,,
168,Public servant unlawfully engaging in trade,45,202,58,0.9139,BNS 203@0.730;BNS 204@0.684;BNS 221@0.683,one_to_one_candidate,false,,
169,Public servant unlawfully buying or bidding for property,45,203,58,0.9297,BNS 220@0.823;BNS 202@0.739;BNS 219@0.723,one_to_one_candidate,false,,
170,Personating a public servant,45,204,58,0.936,BNS 242@0.777;BNS 224@0.740;BNS 205@0.738,one_to_one_candidate,false,,
171,Wearing garb or carrying token used by public servant with fraudulent intent,45,168,50,0.8587,BNS 205@0.765;BNS 204@0.708;BNS 197@0.700,one_to_one_candidate,false,,
172,Absconding to avoid service of summons or other proceeding,46,206,59,0.9478,BNS 207@0.795;BNS 208@0.782;BNS 222@0.720,one_to_one_candidate,false,,
173,"Preventing service of summons or other proceeding, or preventing publication thereof",47,207,59,0.9423,BNS 206@0.818;BNS 221@0.753;BNS 208@0.751,one_to_one_candidate,false,,
174,Non-attendance in obedience to an order from public servant,47,208,59,0.8831,BNS 207@0.805;BNS 209@0.794;BNS 206@0.781,one_to_one_candidate,false,,
175,Omission to produce document to public servant by person legally bound to produce it,47,210,60,0.9414,BNS 241@0.755;BNS 212@0.740;BNS 208@0.728,one_to_one_candidate,false,,
176,Omission to give notice or information to public servant by person legally bound to give i,48,211,60,0.9093,BNS 212@0.798;BNS 222@0.755;BNS 207@0.753,one_to_one_candidate,false,,
177,Furnishing false information,48,212,60,0.9008,BNS 240@0.829;BNS 217@0.818;BNS 211@0.761,one_to_one_candidate,false,,
178,Refusing oath or affirmation when duly required by public servant to make it,48,213,61,0.934,BNS 216@0.826;BNS 214@0.799;BNS 217@0.770,one_to_one_candidate,false,,
179,Refusing to answer public servant authorised to question,48,214,61,0.7706,BNS 217@0.657;BNS 213@0.617;BNS 216@0.616,one_to_one_candidate,false,,
180,Refusing to sign statement,49,215,61,0.9312,BNS 213@0.772;BNS 214@0.726;BNS 207@0.688,one_to_one_candidate,false,,
181,False statement on oath or affirmation to public servant or person authorised to administe,49,217,61,0.8871,BNS 216@0.814;BNS 212@0.814;BNS 227@0.757,one_to_one_candidate,false,,
183,Resistance to the taking of property by the lawful authority of a public servant,49,218,62,0.936,BNS 223@0.745;BNS 219@0.727;BNS 221@0.727,one_to_one_candidate,false,,
184,Obstructing sale of property offered for sale by authority of public servant,49,219,62,0.9404,BNS 221@0.788;BNS 220@0.786;BNS 223@0.785,one_to_one_candidate,false,,
185,Illegal purchase or bid for property offered for sale by authority of public servant,49,220,62,0.88,BNS 203@0.822;BNS 219@0.721;BNS 244@0.667,one_to_one_candidate,false,,
186,Obstructing public servant in discharge of public functions,50,221,62,0.9242,BNS 195@0.793;BNS 219@0.786;BNS 207@0.763,one_to_one_candidate,false,,
187,Omission to assist public servant when bound by law to give assistance,50,222,62,0.9397,BNS 211@0.748;BNS 207@0.742;BNS 208@0.740,one_to_one_candidate,false,,
188,Disobedience to order duly promulgated by public servant,50,223,62,0.8207,BNS 198@0.750;BNS 207@0.737,one_to_one_candidate,false,,
189,Threat of injury to public servant,50,224,63,0.9324,BNS 225@0.871;BNS 132@0.810;BNS 121@0.793,one_to_one_candidate,false,,
190,Threat of injury to induce person to refrain from applying for protection to public servan,50,225,63,0.9305,BNS 224@0.844;BNS 132@0.731;BNS 121@0.728,one_to_one_candidate,false,,
191,Giving false evidence,51,227,63,0.8887,BNS 236@0.734;BNS 228@0.698,one_to_one_candidate,false,,
192,Fabricating false evidence,51,228,64,0.9701,BNS 229@0.736;BNS 233@0.698;BNS 231@0.689,one_to_one_candidate,false,,
193,Punishment for false evidence,51,229,64,0.8746,BNS 232@0.797;BNS 231@0.793;BNS 230@0.790,one_to_one_candidate,false,,
194,Giving or fabricating false evidence with intent to procure conviction of capital offence,52,230,65,0.8959,BNS 231@0.870;BNS 232@0.825;BNS 229@0.797,one_to_one_candidate,false,,
195,Giving or fabricating false evidence with intent to procure conviction of offence punishab,52,231,65,0.9293,BNS 232@0.892;BNS 230@0.839;BNS 229@0.804,one_to_one_candidate,false,,
196,Using evidence known to be false,52,233,66,0.9157,BNS 235@0.768;BNS 237@0.729;BNS 229@0.725,one_to_one_candidate,false,,
197,Issuing or signing false certificate,53,234,66,0.9424,BNS 235@0.820;BNS 236@0.781;BNS 216@0.715,one_to_one_candidate,false,,
198,Using as true a certificate known to be false,53,235,66,0.9159,BNS 234@0.833;BNS 233@0.770;BNS 237@0.752,one_to_one_candidate,false,,
199,False statement made in declaration which is by law receivable as evidence,53,236,66,0.9121,BNS 237@0.794;BNS 227@0.761;BNS 234@0.733,one_to_one_candidate,false,,
200,Using as true such declaration knowing it to be false,53,237,66,0.9173,BNS 236@0.784;BNS 235@0.732;BNS 233@0.698,one_to_one_candidate,false,,
201,"Causing disappearance of evidence of offence, or giving false information to screen offend",53,238,66,0.9357,BNS 249@0.762;BNS 231@0.746;BNS 250@0.744,one_to_one_candidate,false,,
202,Intentional omission to give information of offence by person bound to inform,53,212,60,0.7738,BNS 211@0.764;BNS 240@0.754;BNS 217@0.719,one_to_one_candidate,false,,
203,Giving false information respecting an offence committed,53,240,67,0.8394,BNS 212@0.752;BNS 217@0.751;BNS 216@0.735,one_to_one_candidate,false,,
204,Destruction of document to prevent its production as evidence,54,241,67,0.9013,BNS 210@0.735;BNS 343@0.706;BNS 344@0.673,one_to_one_candidate,false,,
205,False personation for purpose of act or proceeding in suit or prosecution,54,242,67,0.9116,BNS 204@0.769;BNS 246@0.728;BNS 216@0.701,one_to_one_candidate,false,,
206,Fraudulent removal or concealment of property to prevent its seizure as forfeited or in ex,54,243,67,0.9007,BNS 244@0.857;BNS 320@0.788;BNS 323@0.756,one_to_one_candidate,false,,
207,Fraudulent claim to property to prevent its seizure as forfeited or in execution,54,244,67,0.9096,BNS 243@0.802;BNS 246@0.757;BNS 247@0.736,one_to_one_candidate,false,,
208,Fraudulently suffering decree for sum not due,54,247,68,0.8382,BNS 245@0.757;BNS 244@0.706,one_to_one_candidate,false,,
209,Dishonesty making false claim in Court,55,246,68,0.8861,BNS 244@0.706;BNS 242@0.685;BNS 350@0.685,one_to_one_candidate,false,,
210,Fraudulently obtaining decree for sum not due,55,247,68,0.9387,BNS 245@0.777;BNS 244@0.757;BNS 243@0.721,one_to_one_candidate,false,,
211,False charge of offence made with intent to injure,55,248,68,0.8338,BNS 249@0.723;BNS 230@0.718;BNS 232@0.707,one_to_one_candidate,false,,
212,Harbouring offender,55,249,68,0.7969,BNS 238@0.786;BNS 250@0.774;BNS 259@0.765,one_to_one_candidate,false,,
213,"Taking gift, etc., to screen an offender from punishment",56,250,69,0.8786,BNS 251@0.841;BNS 238@0.762;BNS 249@0.727,one_to_one_candidate,false,,
214,Offering gift or restoration of property in consideration of screening offender,56,251,69,0.8442,BNS 250@0.842;BNS 238@0.756;BNS 249@0.706,one_to_one_candidate,false,,
215,"Taking gift to help to recover stolen property, etc",57,252,69,0.8333,BNS 251@0.752;BNS 155@0.742;BNS 244@0.733,one_to_one_candidate,false,,
216,Harbouring offender who has escaped from custody or whose apprehension has been ordered,57,254,70,0.8135,BNS 253@0.810;BNS 249@0.779,one_to_one_candidate,false,,
217,Public servant disobeying direction of law with intent to save person from punishment or p,58,255,70,0.7914,BNS 256@0.754;BNS 198@0.736;BNS 223@0.712,one_to_one_candidate,false,,
218,Public servant framing incorrect record or writing with intent to save person from punishm,58,256,71,0.9209,BNS 201@0.763;BNS 344@0.719;BNS 260@0.702,one_to_one_candidate,false,,
219,"Public servant in judicial proceeding corruptly making report, etc., contrary to law",58,257,71,0.9122,BNS 258@0.728;BNS 256@0.694;BNS 207@0.687,one_to_one_candidate,false,,
220,Commitment for trial or confinement by person having authority who knows that he is acting,58,258,71,0.9076,BNS 261@0.739;BNS 259@0.733;BNS 264@0.732,one_to_one_candidate,false,,
221,Intentional omission to apprehend on the part of public servant bound to apprehend,58,259,71,0.9286,BNS 264@0.869;BNS 260@0.862;BNS 253@0.809,one_to_one_candidate,false,,
222,Intentional omission to apprehend on the part of public servant bound to apprehend person ,58,260,71,0.8634,BNS 264@0.840;BNS 259@0.839;BNS 261@0.759,one_to_one_candidate,false,,
223,Escape from confinement or custody negligently suffered by public servant,59,261,72,0.8918,BNS 157@0.843;BNS 264@0.818;BNS 156@0.801,one_to_one_candidate,false,,
224,Resistance or obstruction by a person to his lawful apprehension,59,262,72,0.9223,BNS 265@0.845;BNS 263@0.821;BNS 259@0.774,one_to_one_candidate,false,,
225,Resistance or obstruction to lawful apprehension of another person,59,263,72,0.8795,BNS 259@0.826;BNS 262@0.825;BNS 265@0.824,one_to_one_candidate,false,,
227,Violation of condition of remission of punishment,60,266,73,0.935,BNS 250@0.636;BNS 251@0.628;BNS 243@0.607,one_to_one_candidate,false,,
228,Intentional insult or interruption to public servant sitting in judicial proceeding,60,72,26,0.7911,BNS 267@0.738;BNS 207@0.703,one_to_one_candidate,false,,
229,Personation of a juror or assessor,61,269,73,0.7529,BNS 177@0.711;BNS 268@0.705;BNS 180@0.686,one_to_one_candidate,false,,
230,“Coin” defined,61,178,52,0.5838,BNS 180@0.536;BNS 187@0.513;BNS 179@0.507,one_to_one_candidate,false,,
231,Counterfeiting coin,62,178,52,0.8394,BNS 181@0.792;BNS 179@0.775;BNS 342@0.734,one_to_one_candidate,false,,
232,Counterfeiting Indian coin,62,178,52,0.7805,BNS 181@0.763;BNS 179@0.763;BNS 342@0.712,one_to_one_candidate,false,,
233,Making or selling instrument for counterfeiting coin,62,181,53,0.8863,BNS 179@0.792;BNS 348@0.791;BNS 178@0.764,one_to_one_candidate,false,,
234,Making or selling instrument for counterfeiting Indian coin,62,181,53,0.8562,BNS 179@0.776;BNS 348@0.764;BNS 178@0.761,one_to_one_candidate,false,,
235,Possession of instrument or material for the purpose of using the same for counterfeiting ,62,181,53,0.8111,BNS 178@0.802;BNS 179@0.791;BNS 348@0.775,one_to_one_candidate,false,,
236,Abetting in India the counterfeiting out of India of coin,62,187,54,0.6916,BNS 179@0.691;BNS 181@0.682;BNS 178@0.681,one_to_one_candidate,false,,
237,Import or export of counterfeit coin,62,179,52,0.8245,BNS 187@0.741;BNS 178@0.728;BNS 181@0.723,one_to_one_candidate,false,,
238,Import or export of counterfeits of the Indian coin,62,179,52,0.8079,BNS 178@0.738;BNS 187@0.732;BNS 181@0.716,one_to_one_candidate,false,,
239,"Delivery of coin, possessed with knowledge that it is counterfeit",62,179,52,0.8046,BNS 178@0.743;BNS 181@0.739;BNS 348@0.720,one_to_one_candidate,false,,
240,"Delivery of Indian coin, possessed with knowledge that it is counterfeit",62,179,52,0.755,BNS 178@0.710;BNS 181@0.693;BNS 187@0.689,one_to_one_candidate,false,,
241,"Delivery of coin as genuine, which, when first possessed, the deliverer did not know to be",62,179,52,0.6448,BNS 178@0.606;BNS 181@0.597,one_to_one_candidate,false,,
242,Possession of counterfeit coin by person who knew it to be counterfeit when he became poss,63,179,52,0.7637,BNS 348@0.728;BNS 178@0.724;BNS 347@0.723,one_to_one_candidate,false,,
243,Possession of Indian coin by person who knew it to be counterfeit when he became possessed,63,179,52,0.7275,BNS 178@0.691;BNS 348@0.684;BNS 181@0.678,one_to_one_candidate,false,,
244,Person employed in mint causing coin to be of different weight or composition from that fi,63,187,54,0.9482,BNS 181@0.715;BNS 188@0.714;BNS 178@0.667,one_to_one_candidate,false,,
245,Unlawfully taking coining instrument from mint,63,188,54,0.8226,BNS 187@0.806;BNS 181@0.722;BNS 179@0.670,one_to_one_candidate,false,,
246,Fraudulently or dishonestly diminishing weight or altering composition of coin,63,187,54,0.7293,BNS 181@0.721;BNS 178@0.680;BNS 179@0.669,one_to_one_candidate,false,,
247,Fraudulently or dishonestly diminishing weight or altering composition of Indian coin,63,187,54,0.7769,BNS 181@0.704;BNS 179@0.677;BNS 178@0.669,one_to_one_candidate,false,,
248,Altering appearance of coin with intent that it shall pass as coin of different descriptio,63,181,53,0.7329,BNS 187@0.711;BNS 178@0.702;BNS 179@0.695,one_to_one_candidate,false,,
249,Altering appearance of Indian coin with intent that it shall pass as coin of different des,63,187,54,0.6937,BNS 181@0.662;BNS 178@0.638;BNS 179@0.632,one_to_one_candidate,false,,
250,"Delivery of coin, possessed with knowledge that it is altered",64,179,52,0.7343,BNS 181@0.713;BNS 178@0.680;BNS 320@0.668,one_to_one_candidate,false,,
251,"Delivery of Indian coin, possessed with knowledge that it is altered",64,179,52,0.725,BNS 181@0.702;BNS 187@0.701;BNS 178@0.678,one_to_one_candidate,false,,
252,Possession of coin by person who knew it to be altered when he became possessed thereof,64,179,52,0.697,BNS 181@0.689;BNS 348@0.676;BNS 155@0.675,one_to_one_candidate,false,,
253,Possession of Indian coin by person who knew it to be altered when he became possessed the,64,179,52,0.6764,BNS 187@0.664;BNS 181@0.661;BNS 243@0.655,one_to_one_candidate,false,,
254,"Delivery of coin as genuine, which, when first possessed, the deliverer did not know to be",64,179,52,0.7645,BNS 181@0.739;BNS 178@0.715;BNS 187@0.691,one_to_one_candidate,false,,
255,Counterfeiting Government stamp,64,178,52,0.8456,BNS 184@0.779;BNS 347@0.760,one_to_one_candidate,false,,
256,Having possession of instrument or material for counterfeiting Government stamp,64,181,53,0.7955,BNS 184@0.795;BNS 178@0.791,one_to_one_candidate,false,,
257,Making or selling instrument for counterfeiting Government stamp,64,181,53,0.8073,BNS 178@0.771;BNS 184@0.762;BNS 179@0.756,one_to_one_candidate,false,,
258,Sale of counterfeit Government stamp,65,184,53,0.7917,BNS 185@0.768;BNS 178@0.740,one_to_one_candidate,false,,
259,Having possession of counterfeit Government stamp,65,184,53,0.8206,BNS 178@0.776;BNS 185@0.764,one_to_one_candidate,false,,
260,Using as genuine a Government stamp known to be counterfeit,65,184,53,0.8221,BNS 178@0.748;BNS 185@0.746,one_to_one_candidate,false,,
261,"Effacing writing from substance bearing Government stamp, or removing from document a stam",65,183,53,0.9143,BNS 185@0.850;BNS 184@0.774;BNS 186@0.700,one_to_one_candidate,false,,
262,Using Government stamp known to have been before used,65,184,53,0.9328,BNS 185@0.825;BNS 183@0.808,one_to_one_candidate,false,,
263,Erasure of mark denoting that stamp has been used,65,186,53,0.8864,BNS 185@0.821;BNS 184@0.765,one_to_one_candidate,false,,
264,Fraudulent use of false instrument for weighing,66,246,68,0.7283,BNS 336@0.678;BNS 344@0.673;BNS 339@0.666,one_to_one_candidate,false,,
265,Fraudulent use of false weight or measure,66,246,68,0.7002,BNS 350@0.650;BNS 344@0.642;BNS 244@0.637,one_to_one_candidate,false,,
266,Being in possession of false weight or measure,66,246,68,0.7221,BNS 350@0.693;BNS 344@0.675;BNS 348@0.673,one_to_one_candidate,false,,
267,Making or selling false weight or measure,66,350,97,0.7214,BNS 246@0.668;BNS 344@0.663;BNS 274@0.662,one_to_one_candidate,false,,
268,Public nuisance,66,270,73,0.7954,BNS 293@0.633;BNS 285@0.603;BNS 33@0.586,one_to_one_candidate,false,,
269,Negligent act likely to spread infection of disease dangerous to life,66,271,74,0.9271,BNS 272@0.861;BNS 286@0.705;BNS 273@0.699,one_to_one_candidate,false,,
270,Malignant act likely to spread infection of disease dangerous to life,66,272,74,0.9089,BNS 271@0.839;BNS 325@0.655;BNS 286@0.634,one_to_one_candidate,false,,
271,Disobedience to quarantine rule,66,273,74,0.8541,BNS 271@0.683;BNS 272@0.632;BNS 281@0.628,one_to_one_candidate,false,,
272,Adulteration of food or drink intended for sale,67,274,74,0.954,BNS 275@0.854;BNS 276@0.817;BNS 277@0.816,one_to_one_candidate,false,,
273,Sale of noxious food or drink,67,275,74,0.963,BNS 274@0.845;BNS 286@0.709;BNS 277@0.704,one_to_one_candidate,false,,
274,Adulteration of drugs,67,276,74,0.9673,BNS 277@0.942;BNS 274@0.831;BNS 278@0.807,one_to_one_candidate,false,,
275,Sale of adulterated drugs,67,277,74,0.9644,BNS 276@0.944;BNS 278@0.842;BNS 274@0.817,one_to_one_candidate,false,,
276,Sale of drug as a different drug or preparation,67,278,74,0.9495,BNS 277@0.857;BNS 276@0.819;BNS 275@0.698,one_to_one_candidate,false,,
277,Fouling water of public spring or reservoir,67,279,74,0.9599,BNS 285@0.672;BNS 274@0.659;BNS 221@0.657,one_to_one_candidate,false,,
278,Making atmosphere noxious to health,67,280,74,0.929,BNS 275@0.704;BNS 285@0.663;BNS 286@0.654,one_to_one_candidate,false,,
279,Rash driving or riding on a public way,67,282,75,0.7393,BNS 125@0.732;BNS 106@0.723;BNS 289@0.706,one_to_one_candidate,false,,
280,Rash navigation of vessel,67,282,75,0.9138,BNS 285@0.741;BNS 284@0.737;BNS 290@0.732,one_to_one_candidate,false,,
281,"Exhibition of false light, mark or buoy",67,283,75,0.8947,BNS 282@0.636;BNS 290@0.631;BNS 350@0.609,one_to_one_candidate,false,,
282,Conveying person by water for hire in unsafe or overloaded vessel,68,284,75,0.9384,BNS 282@0.795;BNS 285@0.709;BNS 290@0.668,one_to_one_candidate,false,,
283,Danger or obstruction in public way or line of navigation,68,285,75,0.9242,BNS 282@0.781;BNS 290@0.737;BNS 284@0.730,one_to_one_candidate,false,,
284,Negligent conduct with respect to poisonous substance,68,286,75,0.9437,BNS 288@0.835;BNS 287@0.798;BNS 289@0.748,one_to_one_candidate,false,,
285,Negligent conduct with respect to fire or combustible matter,68,287,75,0.9382,BNS 288@0.835;BNS 286@0.805;BNS 289@0.780,one_to_one_candidate,false,,
286,Negligent conduct with respect to explosive substance,68,288,75,0.9422,BNS 286@0.866;BNS 287@0.850;BNS 289@0.773,one_to_one_candidate,false,,
287,Negligent conduct with respect to machinery,68,289,75,0.9384,BNS 287@0.781;BNS 288@0.756;BNS 125@0.754,one_to_one_candidate,false,,
288,Negligent conduct with respect to pulling down or repairing buildings,68,290,75,0.7429,BNS 289@0.729;BNS 287@0.714;BNS 285@0.705,one_to_one_candidate,false,,
289,Negligent conduct with respect to animal,68,291,76,0.8921,BNS 286@0.784;BNS 289@0.781;BNS 287@0.755,one_to_one_candidate,false,,
290,Punishment for public nuisance in cases not otherwise provided for,69,293,76,0.7521,BNS 285@0.715;BNS 270@0.698;BNS 280@0.698,one_to_one_candidate,false,,
291,Continuance of nuisance after injunction to discontinue,69,294,76,0.8778,BNS 295@0.746;BNS 296@0.727;BNS 293@0.699,one_to_one_candidate,false,,
295,"Injuring or defiling place of worship, with intent to insult the religion of any class",71,298,77,0.9026,BNS 301@0.765;BNS 299@0.764;BNS 300@0.715,one_to_one_candidate,false,,
296,Disturbing religious assembly,72,300,77,0.7973,BNS 301@0.722;BNS 298@0.720,one_to_one_candidate,false,,
297,"Trespassing on burial places, etc",72,301,78,0.9238,BNS 298@0.775;BNS 300@0.707,one_to_one_candidate,false,,
298,"Uttering words, etc., with deliberate intent to wound religious feelings",72,302,78,0.796,BNS 301@0.775;BNS 299@0.754;BNS 298@0.718,one_to_one_candidate,false,,
299,Culpable homicide,72,100,31,0.8722,BNS 102@0.837;BNS 110@0.823;BNS 101@0.819,one_to_one_candidate,false,,
300,Murder,73,101,32,0.907,BNS 110@0.821;BNS 100@0.785,one_to_one_candidate,false,,
301,Culpable homicide by causing death of person other than person whose death was intended,74,102,34,0.904,BNS 100@0.795;BNS 110@0.760;BNS 101@0.754,one_to_one_candidate,false,,
302,Punishment for murder,74,103,34,0.7624,BNS 105@0.735;BNS 332@0.664;BNS 109@0.663,one_to_one_candidate,false,,
303,Punishment for murder by life-convict,74,103,34,0.6968,BNS 105@0.671;BNS 71@0.658,one_to_one_candidate,false,,
304,Punishment for culpable homicide not amounting to murder,74,105,34,0.9142,BNS 110@0.803;BNS 109@0.788;BNS 100@0.739,one_to_one_candidate,false,,
305,Abetment of suicide of child or insane person,75,107,34,0.7839,BNS 108@0.666;BNS 27@0.616;BNS 109@0.590,one_to_one_candidate,false,,
306,Abetment of suicide,76,108,34,0.9049,BNS 107@0.781;BNS 55@0.737;BNS 56@0.692,one_to_one_candidate,false,,
307,Attempt to murder,76,110,35,0.8129,BNS 109@0.758;BNS 101@0.748,one_to_one_candidate,false,,
308,Attempt to commit culpable homicide,76,110,35,0.9378,BNS 101@0.809;BNS 105@0.804;BNS 100@0.782,one_to_one_candidate,false,,
309,Attempt to commit suicide,76,108,34,0.7962,BNS 107@0.718;BNS 226@0.703;BNS 62@0.676,one_to_one_candidate,false,,
310,Thug,76,307,80,0.6047,BNS 313@0.582;BNS 309@0.562;BNS 311@0.547,one_to_one_candidate,false,,
311,Punishment,76,91,30,0.7031,BNS 92@0.676;BNS 90@0.663;BNS 89@0.647,one_to_one_candidate,false,,
312,Causing miscarraige,76,90,30,0.7949,BNS 88@0.784;BNS 91@0.751;BNS 87@0.708,one_to_one_candidate,false,,
313,Causing miscarriage without woman's consent,77,90,30,0.8279,BNS 89@0.787;BNS 88@0.748;BNS 87@0.744,one_to_one_candidate,false,,
314,Death caused by act done with intent to cause miscarriage,77,90,30,0.9084,BNS 92@0.765;BNS 105@0.727;BNS 110@0.719,one_to_one_candidate,false,,
315,Act done with intent to prevent child being born alive or to cause it to die after birth,77,91,30,0.9305,BNS 90@0.776;BNS 94@0.761;BNS 92@0.757,one_to_one_candidate,false,,
316,Causing death of quick unborn child by act amounting to culpable homicide,77,92,30,0.9134,BNS 110@0.756;BNS 90@0.735;BNS 100@0.734,one_to_one_candidate,false,,
317,"Exposure and abandonment of child under twelve years, by parent or person having care of i",77,93,30,0.9185,BNS 97@0.698;BNS 94@0.691;BNS 91@0.635,one_to_one_candidate,false,,
318,Concealment of birth by secret disposal of dead body,77,94,30,0.8931,BNS 91@0.709;BNS 97@0.679;BNS 93@0.659,one_to_one_candidate,false,,
319,Hurt,77,117,38,0.6558,BNS 116@0.650;BNS 115@0.610,one_to_one_candidate,false,,
320,Grievous hurt,77,116,38,0.8661,BNS 117@0.580;BNS 119@0.545,one_to_one_candidate,false,,
321,Voluntarily causing hurt,78,115,38,0.8366,BNS 117@0.805;BNS 120@0.688,one_to_one_candidate,false,,
322,Voluntarily causing grievous hurt,78,117,38,0.84,BNS 115@0.780;BNS 122@0.715,one_to_one_candidate,false,,
323,Punishment for voluntarily causing hurt,78,115,38,0.8393,BNS 118@0.781;BNS 119@0.773;BNS 122@0.772,one_to_one_candidate,false,,
324,Voluntarily causing hurt by dangerous weapons or means,78,118,39,0.8428,BNS 124@0.749;BNS 115@0.747;BNS 110@0.732,one_to_one_candidate,false,,
325,Punishment for voluntarily causing grievous hurt,78,119,39,0.8169,BNS 118@0.807;BNS 115@0.797,one_to_one_candidate,false,,
326,Voluntarily causing grievous hurt by dangerous weapons or means,78,124,40,0.8553,BNS 118@0.834;BNS 119@0.729,one_to_one_candidate,false,,
327,"Voluntarily causing hurt to extort property, or to constrain to an illegal to an act",79,119,39,0.8667,BNS 120@0.848;BNS 115@0.793;BNS 307@0.746,one_to_one_candidate,false,,
328,"Causing hurt by means of poison, etc., with intent to commit and offence",79,123,40,0.8791,BNS 118@0.753;BNS 286@0.748;BNS 115@0.740,one_to_one_candidate,false,,
329,"Voluntarily causing grievous hurt to extort property, or to constrain to an illegal act",79,119,39,0.9044,BNS 120@0.850;BNS 115@0.755,one_to_one_candidate,false,,
330,"Voluntarily causing hurt to extort confession, or to compel restoration of property",79,120,39,0.844,BNS 119@0.771;BNS 307@0.761,one_to_one_candidate,false,,
331,"Voluntarily causing grievous hurt to extort confession, or to compel restoration of proper",79,120,39,0.7869,BNS 119@0.707;BNS 307@0.660;BNS 117@0.649,one_to_one_candidate,false,,
332,Voluntarily causing hurt to deter public servant from his duty,80,121,40,0.791,BNS 115@0.714;BNS 132@0.711;BNS 124@0.710,one_to_one_candidate,false,,
333,Voluntarily causing grievous hurt to deter public servant from his duty,80,121,40,0.9085,BNS 132@0.795;BNS 224@0.793;BNS 225@0.761,one_to_one_candidate,false,,
334,Voluntarily causing hurt on provocation,80,122,40,0.9024,BNS 115@0.808;BNS 131@0.804;BNS 352@0.751,one_to_one_candidate,false,,
335,Voluntarily causing grievous hurt on provocation,80,122,40,0.9171,BNS 131@0.804;BNS 115@0.789,one_to_one_candidate,false,,
336,Act endangering life or personal safety of others,80,125,41,0.8208,BNS 288@0.796;BNS 287@0.795;BNS 286@0.787,one_to_one_candidate,false,,
337,Causing hurt by act endangering life or personal safety of others,80,125,41,0.8263,BNS 115@0.792;BNS 287@0.772;BNS 288@0.771,one_to_one_candidate,false,,
338,Causing grievous hurt by act endangering life or personal safety of others,80,125,41,0.8934,BNS 118@0.795;BNS 119@0.773;BNS 115@0.759,one_to_one_candidate,false,,
339,Wrongful restraint,80,126,41,0.7943,BNS 127@0.746;BNS 125@0.560,one_to_one_candidate,false,,
340,Wrongful confinement,81,127,41,0.8409,BNS 126@0.687;BNS 142@0.565,one_to_one_candidate,false,,
341,Punishment for wrongful restraint,81,125,41,0.787,BNS 127@0.753;BNS 126@0.748,one_to_one_candidate,false,,
342,Punishment for wrongful confinement,81,125,41,0.7622,BNS 127@0.757;BNS 261@0.696,one_to_one_candidate,false,,
343,Wrongful confinement for three or more days,81,127,41,0.6895,BNS 333@0.664;BNS 125@0.661,one_to_one_candidate,false,,
344,Wrongful confinement for ten or more days,81,127,41,0.6852,BNS 333@0.659;BNS 125@0.657,one_to_one_candidate,false,,
345,Wrongful confinement of person for whose liberation writ has been issued,81,127,41,0.7017,BNS 261@0.681;BNS 142@0.657,one_to_one_candidate,false,,
346,Wrongful confinement in secret,81,127,41,0.7204,BNS 142@0.697;BNS 261@0.693,one_to_one_candidate,false,,
347,"Wrongful confinement to extort property, or constrain to illegal act",81,127,41,0.7631,BNS 119@0.706;BNS 243@0.703,one_to_one_candidate,false,,
348,"Wrongful confinement to extort confession, or compel restoration of property",81,127,41,0.7339,BNS 323@0.716;BNS 243@0.716,one_to_one_candidate,false,,
349,Force,82,128,42,0.8895,BNS 129@0.687;BNS 354@0.552;BNS 130@0.545,one_to_one_candidate,false,,
350,Criminal force,82,129,43,0.963,BNS 128@0.712;BNS 130@0.641,one_to_one_candidate,false,,
351,Assault,82,130,43,0.8059,BNS 129@0.646;BNS 135@0.609,one_to_one_candidate,false,,
352,Punishment for assault or criminal force otherwise than on grave provocation,83,131,44,0.9582,BNS 136@0.803;BNS 122@0.799;BNS 133@0.784,one_to_one_candidate,false,,
353,Assault or criminal force to deter public servant from discharge of his duty,83,132,44,0.7708,BNS 195@0.754;BNS 135@0.732;BNS 224@0.712,one_to_one_candidate,false,,
354,Assault or criminal force to woman with intent to outrage her modesty,83,74,27,0.7583,BNS 75@0.746;BNS 76@0.725;BNS 77@0.700,one_to_one_candidate,false,,
355,"Assault or criminal force with intent to dishonour person, otherwise than on grave provoca",86,133,44,0.9103,BNS 131@0.794;BNS 135@0.770;BNS 352@0.739,one_to_one_candidate,false,,
356,Assault or criminal force in attempt to commit theft of property carried by a person,86,134,44,0.9024,BNS 133@0.752;BNS 307@0.744;BNS 135@0.740,one_to_one_candidate,false,,
357,Assault or criminal force in attempt wrongfully to confine a person,86,135,44,0.7931,BNS 125@0.756;BNS 133@0.751,one_to_one_candidate,false,,
358,Assault or criminal force on grave provocation,86,136,45,0.8924,BNS 131@0.837;BNS 122@0.749;BNS 135@0.742,one_to_one_candidate,false,,
359,Kidnapping,86,137,45,0.856,BNS 143@0.666;BNS 139@0.662;BNS 140@0.657,one_to_one_candidate,false,,
360,Kidnapping from India,86,137,45,0.8209,BNS 140@0.701;BNS 143@0.693;BNS 142@0.659,one_to_one_candidate,false,,
361,Kidnapping from lawful guardianship,86,137,45,0.8122,BNS 139@0.680;BNS 140@0.669;BNS 97@0.653,one_to_one_candidate,false,,
362,Abduction,86,142,46,0.6664,BNS 87@0.647;BNS 140@0.645;BNS 143@0.628,one_to_one_candidate,false,,
363,Punishment for kidnapping,86,137,45,0.8394,BNS 140@0.778;BNS 139@0.773;BNS 97@0.689,one_to_one_candidate,false,,
364,Kidnapping or abducting in order to murder,87,140,46,0.9228,BNS 137@0.784;BNS 139@0.741;BNS 97@0.733,one_to_one_candidate,false,,
365,Kidnapping or abducting with intent secretly and wrongfully to confine person,87,140,46,0.8155,BNS 142@0.795;BNS 137@0.730,one_to_one_candidate,false,,
366,"Kidnapping, abducting or inducing woman to compel her marriage, etc",87,87,29,0.8639,BNS 84@0.787;BNS 140@0.779;BNS 96@0.745,one_to_one_candidate,false,,
367,"Kidnapping or abducting in order to subject person to grievous hurt, slavery, etc",88,140,46,0.8668,BNS 142@0.748;BNS 137@0.741;BNS 87@0.725,one_to_one_candidate,false,,
368,"Wrongfully concealing or keeping in confinement, kidnapped or abducted person",88,142,46,0.9049,BNS 140@0.735;BNS 137@0.675;BNS 264@0.669,one_to_one_candidate,false,,
369,Kidnapping or abducting child under ten years with intent to steal from its person,88,144,47,0.7994,BNS 140@0.798;BNS 143@0.786,one_to_one_candidate,false,,
371,Habitual dealing in slaves,89,145,47,0.9197,BNS 146@0.717;BNS 140@0.648,one_to_one_candidate,false,,
372,"Selling minor for purposes of prostitution, etc",89,98,31,0.9156,BNS 99@0.813;BNS 141@0.715;BNS 95@0.708,one_to_one_candidate,false,,
373,"Buying minor for purposes of prostitution, etc",89,98,31,0.8532,BNS 99@0.808;BNS 141@0.724;BNS 95@0.713,one_to_one_candidate,false,,
374,Unlawful compulsory labour,90,63,23,0.8801,BNS 68@0.742;BNS 70@0.720,one_to_one_candidate,false,,
376,Punishment for rape,90,64,23,0.9041,BNS 65@0.801;BNS 70@0.790,one_to_one_candidate,false,,
377,Unnatural offences,94,302,78,0.7433,BNS 99@0.710;BNS 76@0.689;BNS 77@0.678,one_to_one_candidate,false,,
378,Theft,94,303,78,0.8562,BNS 314@0.680;BNS 304@0.652,one_to_one_candidate,false,,
379,Punishment for theft,95,134,44,0.6678,BNS 332@0.654;BNS 305@0.650;BNS 313@0.645,one_to_one_candidate,false,,
380,"Theft in dwelling house, etc",96,305,80,0.837,BNS 332@0.781;BNS 333@0.750;BNS 134@0.723,one_to_one_candidate,false,,
381,Theft by clerk or servant of property in possession of master,96,306,80,0.9225,BNS 305@0.727;BNS 134@0.716;BNS 344@0.713,one_to_one_candidate,false,,
382,"Theft after preparation made for causing death, hurt or restraint in order to the committi",96,307,80,0.8374,BNS 309@0.720;BNS 304@0.720,one_to_one_candidate,false,,
383,Extortion,97,308,80,0.8783,BNS 309@0.710;BNS 307@0.691,one_to_one_candidate,false,,
384,Punishment for extortion,97,119,39,0.7006,BNS 308@0.686;BNS 250@0.677,one_to_one_candidate,false,,
385,Putting person in fear of injury in order to commit extortion,97,308,80,0.7433,BNS 225@0.730;BNS 224@0.706,one_to_one_candidate,false,,
386,Extortion by putting a person in fear of death or grievous hurt,97,119,39,0.748,BNS 308@0.740;BNS 307@0.720,one_to_one_candidate,false,,
387,"Putting person in fear of death or of grievous hurt, in order to commit extortion",97,308,80,0.7467,BNS 307@0.730;BNS 119@0.721,one_to_one_candidate,false,,
388,Extortion by threat of accusation of an offence punishable with death or imprisonment for ,97,248,68,0.7492,BNS 308@0.730;BNS 119@0.728,one_to_one_candidate,false,,
389,"Putting person in fear or accusation of offence, in order to commit extortion",97,32,14,0.7465,BNS 310@0.739;BNS 308@0.732,one_to_one_candidate,false,,
391,Dacoity,98,310,82,0.8635,BNS 312@0.711;BNS 254@0.652,one_to_one_candidate,false,,
392,Punishment for robbery,98,332,92,0.6867,BNS 254@0.672;BNS 311@0.669,one_to_one_candidate,false,,
393,Attempt to commit robbery,98,313,83,0.7165,BNS 311@0.713;BNS 254@0.712;BNS 312@0.700,one_to_one_candidate,false,,
394,Voluntarily causing hurt in committing robbery,98,119,39,0.7831,BNS 115@0.752;BNS 307@0.725;BNS 120@0.722,one_to_one_candidate,false,,
395,Punishment for dacoity,98,310,82,0.8185,BNS 313@0.730;BNS 312@0.726,one_to_one_candidate,false,,
396,Dacoity with murder,98,310,82,0.8809,BNS 312@0.762;BNS 311@0.726,one_to_one_candidate,false,,
397,"Robbery, or dacoity, with attempt to cause death or grievous hurt",98,312,82,0.8045,BNS 311@0.803;BNS 310@0.692;BNS 309@0.682,one_to_one_candidate,false,,
398,Attempt to commit robbery or dacoity when armed with deadly weapon,99,312,82,0.876,BNS 311@0.856;BNS 254@0.703;BNS 310@0.694,one_to_one_candidate,false,,
399,Making preparation to commit dacoity,99,310,82,0.8058,BNS 254@0.764;BNS 312@0.738;BNS 313@0.732,one_to_one_candidate,false,,
400,Punishment for belonging to gang of dacoits,99,310,82,0.8007,BNS 313@0.799;BNS 254@0.720,one_to_one_candidate,false,,
401,Punishment for belonging to gang of thieves,99,313,83,0.8471,BNS 310@0.694;BNS 305@0.691;BNS 112@0.689,one_to_one_candidate,false,,
402,Assembling for purpose of committing dacoity,99,310,82,0.818,BNS 313@0.798;BNS 254@0.731,one_to_one_candidate,false,,
403,Dishonest misappropriation of property,99,314,83,0.9258,BNS 315@0.764,one_to_one_candidate,false,,
404,Dishonest misappropriation of property possessed by deceased person at the time of his dea,100,315,84,0.9551,BNS 314@0.769;BNS 316@0.734;BNS 320@0.711,one_to_one_candidate,false,,
405,Criminal breach of trust,100,316,84,0.9258,BNS 315@0.733;BNS 314@0.674,one_to_one_candidate,false,,
406,Punishment for criminal breach of trust,101,306,80,0.6723,BNS 332@0.661;BNS 333@0.648,one_to_one_candidate,false,,
407,"Criminal breach of trust by carrier, etc",101,306,80,0.6925,BNS 305@0.680;BNS 328@0.659,one_to_one_candidate,false,,
408,Criminal breach of trust by clerk or servant,101,306,80,0.8285,BNS 344@0.733;BNS 315@0.722,one_to_one_candidate,false,,
409,"Criminal breach of trust by public servant, or by banker, merchant or agent",101,315,84,0.7249,BNS 306@0.719;BNS 305@0.705,one_to_one_candidate,false,,
410,Stolen property,101,317,85,0.8482,BNS 314@0.681;BNS 303@0.652,one_to_one_candidate,false,,
411,Dishonestly receiving stolen property,101,155,49,0.7575,BNS 317@0.750;BNS 320@0.716,one_to_one_candidate,false,,
412,Dishonestly receiving property stolen in the commission of a dacoity,101,317,85,0.7613,BNS 314@0.701;BNS 313@0.700,one_to_one_candidate,false,,
413,Habitually dealing in stolen property,102,155,49,0.7549,BNS 313@0.741;BNS 305@0.704,one_to_one_candidate,false,,
414,Assisting in concealment of stolen property,102,323,88,0.7514,BNS 320@0.713,one_to_one_candidate,false,,
415,Cheating,102,318,86,0.9156,BNS 319@0.725;BNS 322@0.720,one_to_one_candidate,false,,
416,Cheating by personation,102,319,87,0.9289,BNS 318@0.654;BNS 172@0.650;BNS 322@0.612,one_to_one_candidate,false,,
417,Punishment for cheating,103,246,68,0.6793,,one_to_one_candidate,false,,
418,Cheating with knowledge that wrongful loss may ensue to person whose interest offender is ,103,244,67,0.686,BNS 246@0.675;BNS 344@0.669,one_to_one_candidate,false,,
419,Punishment for cheating by personation,103,319,87,0.8271,BNS 242@0.733;BNS 204@0.698,one_to_one_candidate,false,,
420,Cheating and dishonestly inducing delivery of property,103,320,87,0.7767,BNS 344@0.766;BNS 322@0.764,one_to_one_candidate,false,,
421,Dishonest or fraudulent removal or concealment of property to prevent distribution among c,103,320,87,0.9206,BNS 323@0.798;BNS 243@0.776;BNS 321@0.738,one_to_one_candidate,false,,
422,Dishonestly or fraudulently preventing debt being available for creditors,103,321,87,0.8829,BNS 320@0.747;BNS 247@0.728;BNS 244@0.694,one_to_one_candidate,false,,
423,Dishonest or fraudulent execution of deed of transfer containing false statement of consid,103,322,87,0.8262,BNS 320@0.731;BNS 244@0.731;BNS 243@0.707,one_to_one_candidate,false,,
424,Dishonest or fraudulent removal or concealment of property,103,323,88,0.9295,BNS 320@0.811;BNS 243@0.775;BNS 244@0.730,one_to_one_candidate,false,,
425,Mischief,103,324,88,0.8034,BNS 327@0.670;BNS 323@0.670;BNS 326@0.665,one_to_one_candidate,false,,
426,Punishment for mischief,104,325,89,0.78,BNS 324@0.738;BNS 326@0.722,one_to_one_candidate,false,,
427,Mischief causing damage to the amount of fifty rupees,104,324,88,0.7814,BNS 125@0.716;BNS 325@0.712;BNS 327@0.708,one_to_one_candidate,false,,
428,Mischief by killing or maiming animal of the value of ten rupees,104,325,89,0.8382,BNS 291@0.738;BNS 118@0.698;BNS 327@0.698,one_to_one_candidate,false,,
429,"Mischief by killing or maiming cattle, etc., of any value or any animal of the value of fi",104,325,89,0.7953,BNS 291@0.711;BNS 327@0.701;BNS 324@0.676,one_to_one_candidate,false,,
430,Mischief by injury to works of irrigation or by wrongfully diverting water,104,326,89,0.7782,BNS 325@0.695;BNS 324@0.686;BNS 279@0.674,one_to_one_candidate,false,,
431,"Mischief by injury to public road, bridge, river or channel",104,326,89,0.777,BNS 327@0.744;BNS 324@0.721,one_to_one_candidate,false,,
432,Mischief by causing inundation or obstruction to public drainage attended with damage,104,326,89,0.7735,BNS 324@0.717;BNS 327@0.694;BNS 285@0.692,one_to_one_candidate,false,,
433,"Mischief by destroying, moving or rendering less useful a light-house or sea-mark",104,326,89,0.7065,BNS 283@0.702;BNS 327@0.667;BNS 346@0.661,one_to_one_candidate,false,,
434,"Mischief by destroying or moving, etc., a land-mark fixed by public authority",105,346,97,0.7809,BNS 326@0.731;BNS 324@0.689;BNS 323@0.663,one_to_one_candidate,false,,
435,Mischief by fire or explosive substance with intent to cause damage to amount of one hundr,105,326,89,0.7997,BNS 324@0.768;BNS 327@0.763;BNS 287@0.748,one_to_one_candidate,false,,
436,"Mischief by fire or explosive substance with intent to destroy house, etc",105,326,89,0.799,BNS 327@0.714;BNS 298@0.697;BNS 287@0.689,one_to_one_candidate,false,,
437,Mischief with intent to destroy or make unsafe a decked vessel or one of twenty tons burde,105,327,89,0.7598,BNS 328@0.704;BNS 326@0.685;BNS 282@0.653,one_to_one_candidate,false,,
438,Punishment for the mischief described in section 437 committed by fire or explosive substa,105,326,89,0.7777,BNS 288@0.757;BNS 327@0.755;BNS 287@0.747,one_to_one_candidate,false,,
439,"Punishment for intentionally running vessel aground or ashore with intent to commit theft,",105,328,90,0.889,BNS 305@0.700;BNS 282@0.667;BNS 134@0.666,one_to_one_candidate,false,,
440,Mischief committed after preparation made for causing death or hurt,105,333,92,0.7558,BNS 307@0.717;BNS 325@0.716,one_to_one_candidate,false,,
441,Criminal trespass,105,329,90,0.7357,BNS 330@0.623;BNS 333@0.614;BNS 135@0.600,one_to_one_candidate,false,,
442,House-trespass,106,329,90,0.8564,BNS 330@0.770;BNS 333@0.713,one_to_one_candidate,false,,
443,Lurking house-trespass,106,330,90,0.7717,BNS 331@0.677;BNS 329@0.673;BNS 333@0.662,one_to_one_candidate,false,,
444,Lurking house-trespass by night,106,331,91,0.682,BNS 330@0.640;BNS 333@0.557,one_to_one_candidate,false,,
445,House-breaking,106,330,90,0.8155,BNS 329@0.714;BNS 331@0.688,one_to_one_candidate,false,,
446,House-breaking by night,107,331,91,0.6446,BNS 330@0.584,one_to_one_candidate,false,,
447,Punishment for criminal trespass,107,329,90,0.7837,BNS 332@0.742;BNS 333@0.741,one_to_one_candidate,false,,
448,Punishment for house-trespass,107,332,92,0.8184,BNS 333@0.813;BNS 331@0.774;BNS 329@0.765,one_to_one_candidate,false,,
449,House-trespass in order to commit offence punishable with death,107,332,92,0.9069,BNS 333@0.783;BNS 331@0.723,one_to_one_candidate,false,,
450,House-trespass in order to commit offence punishable with imprisonment for life,107,332,92,0.905,BNS 333@0.802;BNS 331@0.756,one_to_one_candidate,false,,
451,House-trespass in order to commit offence punishable with imprisonment,107,332,92,0.8851,BNS 333@0.848;BNS 331@0.782;BNS 329@0.767,one_to_one_candidate,false,,
452,"House-trespass alter preparation for hurt, assault or wrongful restraint",107,333,92,0.9105,BNS 332@0.784;BNS 331@0.749;BNS 329@0.723,one_to_one_candidate,false,,
453,Punishment for lurking house-trespass or house-breaking,107,331,91,0.8412,BNS 333@0.805;BNS 332@0.784,one_to_one_candidate,false,,
454,Lurking house-trespass or house-breaking in order to commit offence punishable with impris,107,331,91,0.8457,BNS 332@0.812;BNS 333@0.796,one_to_one_candidate,false,,
455,"Lurking house-trespass or house-breaking after preparation for hurt, assault or wrongful r",107,333,92,0.8365,BNS 331@0.818;BNS 330@0.732,one_to_one_candidate,false,,
456,Punishment for lurking house-trespass or house-breaking by night,107,331,91,0.8377,BNS 333@0.742;BNS 332@0.722,one_to_one_candidate,false,,
457,Lurking house-trespass or house-breaking by night in order to commit offence punishable wi,107,331,91,0.8295,BNS 330@0.738;BNS 333@0.727,one_to_one_candidate,false,,
458,"Lurking house-trespass or house-breaking by night after preparation for hurt, assault, or ",108,331,91,0.8303,BNS 333@0.801;BNS 330@0.723,one_to_one_candidate,false,,
459,Grievous hurt caused whilst committing lurking house-trespass or house-breaking,108,333,92,0.7601,BNS 331@0.753;BNS 119@0.743,one_to_one_candidate,false,,
460,All persons jointly concerned in lurking house-trespass or house-breaking by night punisha,108,331,91,0.7944,BNS 332@0.724;BNS 333@0.713,one_to_one_candidate,false,,
461,Dishonestly breaking open receptacle containing property,108,334,92,0.8572,BNS 323@0.716;BNS 302@0.668;BNS 346@0.655,one_to_one_candidate,false,,
462,Punishment for same offence when committed by person entrusted with custody,108,334,92,0.9183,BNS 323@0.733;BNS 344@0.726;BNS 302@0.724,one_to_one_candidate,false,,
463,Forgery,108,336,94,0.823,BNS 340@0.805;BNS 335@0.730,one_to_one_candidate,false,,
464,Making a false document,108,335,92,0.83,BNS 340@0.774;BNS 336@0.726,one_to_one_candidate,false,,
465,Punishment for forgery,109,336,94,0.7836,BNS 341@0.726;BNS 342@0.714,one_to_one_candidate,false,,
466,"Forgery of record of Court or of public register, etc",109,337,95,0.9006,BNS 336@0.823;BNS 339@0.764,one_to_one_candidate,false,,
467,"Forgery of valuable security, will, etc",109,338,95,0.9308,BNS 343@0.807;BNS 336@0.742,one_to_one_candidate,false,,
468,Forgery for purpose of cheating,110,336,94,0.8311,BNS 339@0.787;BNS 340@0.771,one_to_one_candidate,false,,
469,Forgery for purpose of harming reputation,110,336,94,0.7877,BNS 339@0.739;BNS 340@0.737,one_to_one_candidate,false,,
470,Forged document,110,340,95,0.8398,BNS 336@0.708;BNS 335@0.685,one_to_one_candidate,false,,
471,Using as genuine a forged document or electronic record,110,340,95,0.8608,BNS 339@0.821;BNS 336@0.761,one_to_one_candidate,false,,
473,"Making or possessing counterfeit seal, etc., with intent to commit forgery punishable othe",110,341,95,0.8572,BNS 342@0.781;BNS 348@0.772,one_to_one_candidate,false,,
474,"Having possession of document described in section 466 or 467, knowing it to be forged and",110,339,95,0.8857,BNS 342@0.815;BNS 341@0.810,one_to_one_candidate,false,,
475,"Counterfeiting device or mark used for authenticating documents described in section 467, ",110,342,96,0.9043,BNS 347@0.797;BNS 348@0.782;BNS 341@0.758,one_to_one_candidate,false,,
476,Counterfeiting device or mark used for authenticating documents other than those described,110,342,96,0.9146,BNS 347@0.791;BNS 348@0.782;BNS 341@0.769,one_to_one_candidate,false,,
477,"Fraudulent cancellation, destruction, etc., of will, authority to adopt, or valuable secur",111,344,96,0.8526,BNS 343@0.830;BNS 338@0.753;BNS 336@0.732,one_to_one_candidate,false,,
479,Property mark,111,345,96,0.7265,BNS 348@0.572;BNS 347@0.560;BNS 346@0.554,one_to_one_candidate,false,,
481,Using a false property mark,111,345,96,0.785,BNS 350@0.712;BNS 349@0.674;BNS 347@0.671,one_to_one_candidate,false,,
482,Punishment for using a false property mark,111,347,97,0.788,BNS 345@0.766;BNS 348@0.763;BNS 350@0.744,one_to_one_candidate,false,,
483,Counterfeiting a property mark used by another,111,347,97,0.8833,BNS 348@0.840;BNS 349@0.763;BNS 342@0.756,one_to_one_candidate,false,,
484,Counterfeiting a mark used by a public servant,111,347,97,0.9399,BNS 348@0.833;BNS 349@0.815;BNS 342@0.777,one_to_one_candidate,false,,
486,Selling goods marked with a counterfeit property mark,112,349,97,0.9542,BNS 347@0.826;BNS 348@0.797;BNS 350@0.746,one_to_one_candidate,false,,
487,Making a false mark upon any receptacle containing goods,112,350,97,0.8612,BNS 349@0.803;BNS 347@0.749;BNS 348@0.740,one_to_one_candidate,false,,
488,Punishment for making use of any such false mark,112,350,97,0.8125,BNS 347@0.751;BNS 349@0.744;BNS 345@0.731,one_to_one_candidate,false,,
489,Tampering with property mark with intent to cause injury,112,346,97,0.8219,BNS 348@0.729;BNS 344@0.722;BNS 347@0.707,one_to_one_candidate,false,,
491,Breach of contract to attend on and supply wants of helpless person,113,357,102,0.8253,BNS 222@0.688;BNS 220@0.671,one_to_one_candidate,false,,
492,Section 492. [Breach of contract to serve at distant place to which servant is conveyed at,113,82,28,0.5812,BNS 357@0.578;BNS 88@0.556,one_to_one_candidate,false,,
493,Cohabitation caused by a man deceitfully inducing a belief of lawful marriage,113,81,28,0.8934,BNS 83@0.737;BNS 84@0.729;BNS 69@0.728,one_to_one_candidate,false,,
494,Marrying again during lifetime of husband or wife,113,82,28,0.7499,BNS 67@0.690;BNS 83@0.688,one_to_one_candidate,false,,
495,Same offence with concealment of former marriage from person with whom subsequent marriage,114,83,29,0.6869,BNS 81@0.675,one_to_one_candidate,false,,
496,Marriage ceremony fraudulently gone through without lawful marriage,114,83,29,0.884,BNS 81@0.700;BNS 246@0.679;BNS 82@0.669,one_to_one_candidate,false,,
497,Adultery,114,67,25,0.771,BNS 84@0.766;BNS 81@0.724;BNS 87@0.681,one_to_one_candidate,false,,
498,Enticing or taking away or detaining with criminal intent a married woman,114,84,29,0.8347,BNS 81@0.741;BNS 85@0.722;BNS 87@0.718,one_to_one_candidate,false,,
499,Section 499. Defamation. Imputation of truth which public good requires to be made or pub,13,356,99,0.7281,BNS 270@0.581,one_to_one_candidate,false,,
500,Punishment for defamation,116,352,98,0.6617,BNS 355@0.648;BNS 246@0.647,one_to_one_candidate,false,,
501,Printing or engraving matter known to be defamatory,116,352,98,0.655,BNS 346@0.648;BNS 73@0.648,one_to_one_candidate,false,,
502,Sale of printed or engraved substance containing defamatory matter,116,350,97,0.5531,BNS 275@0.543;BNS 349@0.540,one_to_one_candidate,false,,
503,Criminal intimidation,117,351,97,0.7286,BNS 225@0.647;BNS 308@0.619,one_to_one_candidate,false,,
504,Intentional insult with intent to provoke breach of the peace,117,353,98,0.8886,BNS 352@0.772;BNS 197@0.755,one_to_one_candidate,false,,
506,Punishment for criminal intimidation,118,133,44,0.7305,BNS 76@0.722;BNS 352@0.713,one_to_one_candidate,false,,
507,Criminal intimidation by an anonymous communication,118,351,97,0.6433,BNS 225@0.636;BNS 133@0.631,one_to_one_candidate,false,,
508,Act caused by inducing person to believe that he will be rendered an object of the Divine ,118,354,99,0.9037,BNS 58@0.637;BNS 308@0.629,one_to_one_candidate,false,,
509,"Word, gesture or act intended to insult the modesty of a woman",118,79,28,0.7861,BNS 74@0.725;BNS 77@0.699;BNS 76@0.681,one_to_one_candidate,false,,
510,Misconduct in public by a drunken person,119,355,99,0.8362,BNS 135@0.682;BNS 188@0.677;BNS 195@0.677,one_to_one_candidate,false,,
511,Punishment for attempting to commit offences punishable with imprisonment for life or othe,119,62,22,0.8483,BNS 307@0.720;BNS 250@0.686;BNS 231@0.683,one_to_one_candidate,false,,
120A,Definition of criminal conspiracy,34,61,22,0.7844,BNS 60@0.685;BNS 148@0.641;BNS 45@0.563,one_to_one_candidate,false,,
120B,Punishment of criminal conspiracy,35,148,48,0.7433,BNS 61@0.739;BNS 60@0.710;BNS 62@0.693,one_to_one_candidate,false,,
153A,"Section 153A. Promoting enmity between different groups on grounds of religion, race, plac",4,196,56,0.7136,BNS 300@0.673;BNS 353@0.634,one_to_one_candidate,false,,
166B,Punishment for non-treatment of victim,44,200,58,0.7532,BNS 68@0.658;BNS 258@0.642;BNS 248@0.637,one_to_one_candidate,false,,
171A,"“Candidate”, “Electoral right” defined",45,169,50,0.8968,BNS 171@0.574;BNS 176@0.549;BNS 170@0.547,one_to_one_candidate,false,,
171B,Bribery,45,170,50,0.7271,BNS 173@0.692;BNS 251@0.683,one_to_one_candidate,false,,
171C,Undue influence at elections,45,171,51,0.8728,BNS 174@0.785;BNS 175@0.712;BNS 170@0.588,one_to_one_candidate,false,,
171D,Personation at elections,46,172,51,0.9614,BNS 174@0.695;BNS 319@0.677;BNS 175@0.633,one_to_one_candidate,false,,
171E,Punishment for bribery,46,173,51,0.949,BNS 250@0.685;BNS 251@0.677,one_to_one_candidate,false,,
171F,Punishment for undue influence or personation at an election,46,174,51,0.9488,BNS 175@0.770;BNS 171@0.695;BNS 172@0.684,one_to_one_candidate,false,,
171G,False statement in connection with an election,46,175,51,0.8064,BNS 216@0.678;BNS 174@0.675;BNS 176@0.656,one_to_one_candidate,false,,
171H,Illegal payments in connection with an election,46,176,52,0.8274,BNS 177@0.786;BNS 168@0.697;BNS 180@0.696,one_to_one_candidate,false,,
225B,"Resistance or obstruction to lawful apprehension, or escape or rescue in cases not otherwi",60,265,73,0.9002,BNS 262@0.862;BNS 263@0.849;BNS 259@0.779,one_to_one_candidate,false,,
326B,Voluntarily throwing or attempting to throw acid,79,124,40,0.8135,BNS 118@0.654,one_to_one_candidate,false,,
354B,Assault or use of criminal force to woman with intent to disrobe,84,76,27,0.9234,BNS 74@0.806;BNS 133@0.731;BNS 75@0.724,one_to_one_candidate,false,,
354C,Voyeurism,84,77,27,0.8471,BNS 75@0.677;BNS 76@0.644,one_to_one_candidate,false,,
354D,Stalking,84,78,28,0.8239,BNS 77@0.640;BNS 75@0.630;BNS 82@0.602,one_to_one_candidate,false,,
354E,"Liability person present who fails to prevent the commission of offence under Section 354,",85,249,68,0.6682,BNS 56@0.662;BNS 331@0.658;BNS 125@0.656,one_to_one_candidate,false,,
366B,Importation of girl from foreign country,88,141,46,0.8915,BNS 143@0.729;BNS 96@0.724;BNS 98@0.714,one_to_one_candidate,false,,
370A,Exploitation of a trafficked person,89,144,47,0.8877,BNS 95@0.772;BNS 146@0.717,one_to_one_candidate,false,,
376E,Punishment for repeat offenders,94,71,26,0.7224,BNS 13@0.667;BNS 66@0.656;BNS 64@0.648,one_to_one_candidate,false,,
376F,Liability of person in-charge of workplace and others to give information about offence,94,240,67,0.655,BNS 212@0.654;BNS 68@0.647;BNS 249@0.632,one_to_one_candidate,false,,
379A,Snatching,95,304,80,0.8321,BNS 307@0.706;BNS 134@0.703,one_to_one_candidate,false,,
379B,"Snatching after preparation made for causing death, hurt or restraint in order to the comm",96,307,80,0.7404,BNS 304@0.719;BNS 140@0.706;BNS 125@0.704,one_to_one_candidate,false,,
382B,Section 382B. Whoever commits ‘Snatching’ shall be punished with imprisonment for a term w,96,304,80,0.7559,BNS 134@0.713;BNS 332@0.702;BNS 155@0.685,one_to_one_candidate,false,,
382C,"Vehicle lifting: Whoever commits theft of a ‘vehicle’ either from open or close arena, is ",96,303,78,0.5931,BNS 305@0.578;BNS 304@0.558;BNS 317@0.544,one_to_one_candidate,false,,
382D,Section 382D. Whoever commits the offence of ‘vehicle lifting’ shall be punished with impr,96,332,92,0.6696,BNS 305@0.654;BNS 250@0.634,one_to_one_candidate,false,,
382F,Section 382F. Whoever commits the offence of ‘Cattle lifting’ shall be punished with impri,97,291,76,0.6307,BNS 119@0.607;BNS 332@0.605;BNS 308@0.604,one_to_one_candidate,false,,
489A,Counterfeiting currency-notes or bank-notes,112,178,52,0.8124,BNS 179@0.761;BNS 182@0.751;BNS 181@0.747,one_to_one_candidate,false,,
489B,"Using as genuine, forged or counterfeit currency-notes or bank-notes",112,179,52,0.8616,BNS 181@0.771;BNS 182@0.754;BNS 178@0.752,one_to_one_candidate,false,,
489C,Possession of forged or counterfeit currency-notes or bank-notes,113,179,52,0.8264,BNS 182@0.771;BNS 178@0.759;BNS 181@0.757,one_to_one_candidate,false,,
489D,Making or possessing instruments or materials for forging or counterfeiting currency notes,113,182,53,0.8311,BNS 336@0.766;BNS 181@0.762;BNS 341@0.749,one_to_one_candidate,false,,
498A,Husband or relative of husband of a woman subjecting her to cruelty,114,85,29,0.7844,BNS 86@0.721;BNS 82@0.684;BNS 88@0.680,one_to_one_candidate,false,,
509A,Sexual harassment by relative,118,85,29,0.7305,BNS 75@0.712;BNS 79@0.709;BNS 74@0.700,one_to_one_candidate,false,,
509B,Sexual harassment by electronic mode,118,75,27,0.7373,BNS 77@0.673;BNS 76@0.643;BNS 79@0.634,one_to_one_candidate,false,,
